customer_id,customer_name,customer_segment,region,credit_terms_days
C1001,Customer 001,SMB,East,60
C1002,Customer 002,Mid-Market,East,60
C1003,Customer 003,Mid-Market,West,60
C1004,Customer 004,SMB,West,30
C1005,Customer 005,Enterprise,West,15
C1006,Customer 006,Enterprise,North,60
C1007,Customer 007,Enterprise,East,30
C1008,Customer 008,Mid-Market,East,60
C1009,Customer 009,SMB,West,60
C1010,Customer 010,Mid-Market,North,45
C1011,Customer 011,Enterprise,North,30
C1012,Customer 012,Mid-Market,West,30
C1013,Customer 013,Mid-Market,West,45
C1014,Customer 014,Enterprise,West,30
C1015,Customer 015,Enterprise,East,30
C1016,Customer 016,Enterprise,West,30
C1017,Customer 017,SMB,North,60
C1018,Customer 018,SMB,South,45
C1019,Customer 019,SMB,North,30
C1020,Customer 020,SMB,East,15
C1021,Customer 021,SMB,East,30
C1022,Customer 022,Enterprise,West,60
C1023,Customer 023,SMB,North,15
C1024,Customer 024,SMB,West,30
C1025,Customer 025,SMB,West,45
C1026,Customer 026,Mid-Market,West,45
C1027,Customer 027,Enterprise,South,45
C1028,Customer 028,SMB,North,45
C1029,Customer 029,SMB,West,30
C1030,Customer 030,Enterprise,West,30
C1031,Customer 031,SMB,East,45
C1032,Customer 032,Enterprise,West,45
C1033,Customer 033,Enterprise,West,45
C1034,Customer 034,Mid-Market,North,60
C1035,Customer 035,Mid-Market,East,30
C1036,Customer 036,Mid-Market,West,30
C1037,Customer 037,SMB,South,45
C1038,Customer 038,Enterprise,South,30
C1039,Customer 039,SMB,West,45
C1040,Customer 040,SMB,South,45
C1041,Customer 041,Enterprise,North,45
C1042,Customer 042,SMB,South,30
C1043,Customer 043,Enterprise,South,30
C1044,Customer 044,Mid-Market,North,15
C1045,Customer 045,SMB,West,30
C1046,Customer 046,SMB,East,15
C1047,Customer 047,SMB,West,30
C1048,Customer 048,SMB,West,30
C1049,Customer 049,SMB,West,30
C1050,Customer 050,Enterprise,North,30
C1051,Customer 051,Mid-Market,South,15
C1052,Customer 052,Mid-Market,West,15
C1053,Customer 053,Mid-Market,North,45
C1054,Customer 054,Mid-Market,West,30
C1055,Customer 055,SMB,South,15
C1056,Customer 056,Mid-Market,West,30
C1057,Customer 057,Enterprise,South,45
C1058,Customer 058,Enterprise,North,30
C1059,Customer 059,Enterprise,East,30
C1060,Customer 060,SMB,West,15
C1061,Customer 061,SMB,West,15
C1062,Customer 062,SMB,West,30
C1063,Customer 063,Mid-Market,East,30
C1064,Customer 064,SMB,East,30
C1065,Customer 065,SMB,West,45
C1066,Customer 066,SMB,South,60
C1067,Customer 067,Enterprise,East,30
C1068,Customer 068,Mid-Market,North,30
C1069,Customer 069,Enterprise,North,45
C1070,Customer 070,Mid-Market,West,30
C1071,Customer 071,Mid-Market,West,30
C1072,Customer 072,Enterprise,East,15
C1073,Customer 073,Enterprise,East,15
C1074,Customer 074,Mid-Market,South,60
C1075,Customer 075,Mid-Market,West,45
C1076,Customer 076,Mid-Market,West,45
C1077,Customer 077,Mid-Market,South,30
C1078,Customer 078,Enterprise,East,30
C1079,Customer 079,SMB,East,30
C1080,Customer 080,Enterprise,South,30
C1081,Customer 081,Mid-Market,South,30
C1082,Customer 082,SMB,West,45
C1083,Customer 083,SMB,West,45
C1084,Customer 084,Enterprise,East,30
C1085,Customer 085,SMB,South,60
C1086,Customer 086,SMB,West,45
C1087,Customer 087,Mid-Market,West,30
C1088,Customer 088,SMB,South,30
C1089,Customer 089,Mid-Market,West,30
C1090,Customer 090,SMB,West,30
C1091,Customer 091,Enterprise,North,30
C1092,Customer 092,Mid-Market,South,45
C1093,Customer 093,Mid-Market,South,15
C1094,Customer 094,SMB,West,15
C1095,Customer 095,Mid-Market,South,15
C1096,Customer 096,SMB,West,15
C1097,Customer 097,SMB,West,45
C1098,Customer 098,SMB,South,45
C1099,Customer 099,Enterprise,South,30
C1100,Customer 100,Enterprise,East,15
C1101,Customer 101,Enterprise,South,30
C1102,Customer 102,SMB,North,30
C1103,Customer 103,SMB,West,30
C1104,Customer 104,SMB,North,30
C1105,Customer 105,Mid-Market,West,30
C1106,Customer 106,Enterprise,West,30
C1107,Customer 107,SMB,East,30
C1108,Customer 108,Mid-Market,North,15
C1109,Customer 109,Enterprise,East,30
C1110,Customer 110,Enterprise,South,30
C1111,Customer 111,SMB,South,30
C1112,Customer 112,Enterprise,North,45
C1113,Customer 113,Mid-Market,North,45
C1114,Customer 114,Mid-Market,North,30
C1115,Customer 115,SMB,West,15
C1116,Customer 116,Mid-Market,South,30
C1117,Customer 117,Mid-Market,West,15
C1118,Customer 118,Enterprise,West,30
C1119,Customer 119,Mid-Market,South,60
C1120,Customer 120,SMB,West,30
