inventory_snapshot_id,snapshot_date,product_id,units_on_hand,inventory_value
INV800001,2025-01-01,P3001,71,80651.03
INV800002,2025-01-01,P3002,84,169772.4
INV800003,2025-01-01,P3003,86,210400.72
INV800004,2025-01-01,P3004,59,84106.27
INV800005,2025-01-01,P3005,84,72315.6
INV800006,2025-01-01,P3006,66,12211.98
INV800007,2025-01-01,P3007,52,120517.28
INV800008,2025-01-01,P3008,133,306466.58
INV800009,2025-01-01,P3009,62,42918.88
INV800010,2025-01-01,P3010,29,51123.81
INV800011,2025-01-01,P3011,80,21004.0
INV800012,2025-01-01,P3012,87,41954.88
INV800013,2025-01-01,P3013,68,41118.24
INV800014,2025-01-01,P3014,78,61829.04
INV800015,2025-01-01,P3015,56,139434.96
INV800016,2025-01-01,P3016,25,44164.0
INV800017,2025-01-01,P3017,65,65635.05
INV800018,2025-01-01,P3018,68,126737.04
INV800019,2025-01-01,P3019,80,183593.6
INV800020,2025-01-01,P3020,68,163204.08
INV800021,2025-01-01,P3021,90,19802.7
INV800022,2025-01-01,P3022,91,94161.34
INV800023,2025-01-01,P3023,65,21992.75
INV800024,2025-01-01,P3024,33,29445.9
INV800025,2025-01-01,P3025,84,41212.92
INV800026,2025-01-01,P3026,26,42779.62
INV800027,2025-01-01,P3027,60,61176.6
INV800028,2025-01-01,P3028,51,32392.14
INV800029,2025-01-01,P3029,21,15194.97
INV800030,2025-01-01,P3030,46,43793.84
INV800031,2025-01-01,P3031,140,99271.2
INV800032,2025-01-01,P3032,45,52957.8
INV800033,2025-01-01,P3033,92,14554.4
INV800034,2025-01-01,P3034,22,16654.66
INV800035,2025-01-01,P3035,107,115037.84
INV800036,2025-01-01,P3036,12,18464.76
INV800037,2025-01-01,P3037,54,39728.88
INV800038,2025-01-01,P3038,48,19310.88
INV800039,2025-01-01,P3039,68,17979.2
INV800040,2025-01-01,P3040,61,143721.49
INV800041,2025-01-01,P3041,12,13059.24
INV800042,2025-01-01,P3042,102,151613.82
INV800043,2025-01-01,P3043,103,237354.23
INV800044,2025-01-01,P3044,121,33910.25
INV800045,2025-01-01,P3045,28,61642.56
INV800046,2025-01-01,P3046,72,101868.48
INV800047,2025-01-01,P3047,43,20592.7
INV800048,2025-01-01,P3048,99,106448.76
INV800049,2025-01-01,P3049,29,56892.2
INV800050,2025-01-01,P3050,50,62125.0
INV800051,2025-01-01,P3051,25,61609.75
INV800052,2025-01-01,P3052,102,101154.42
INV800053,2025-01-01,P3053,74,140154.52
INV800054,2025-01-01,P3054,113,116506.39
INV800055,2025-01-01,P3055,65,135627.7
INV800056,2025-01-01,P3056,44,64115.92
INV800057,2025-01-01,P3057,109,25473.3
INV800058,2025-01-01,P3058,55,9301.05
INV800059,2025-01-01,P3059,105,42411.6
INV800060,2025-01-01,P3060,68,7690.12
INV800061,2025-02-01,P3001,105,119272.65
INV800062,2025-02-01,P3002,143,289017.3
INV800063,2025-02-01,P3003,62,151684.24
INV800064,2025-02-01,P3004,24,34212.72
INV800065,2025-02-01,P3005,87,74898.3
INV800066,2025-02-01,P3006,28,5180.84
INV800067,2025-02-01,P3007,85,196999.4
INV800068,2025-02-01,P3008,45,103691.7
INV800069,2025-02-01,P3009,65,44995.6
INV800070,2025-02-01,P3010,120,211546.8
INV800071,2025-02-01,P3011,83,21791.65
INV800072,2025-02-01,P3012,77,37132.48
INV800073,2025-02-01,P3013,54,32652.72
INV800074,2025-02-01,P3014,50,39634.0
INV800075,2025-02-01,P3015,71,176783.61
INV800076,2025-02-01,P3016,81,143091.36
INV800077,2025-02-01,P3017,52,52508.04
INV800078,2025-02-01,P3018,85,158421.3
INV800079,2025-02-01,P3019,97,222607.24
INV800080,2025-02-01,P3020,66,158403.96
INV800081,2025-02-01,P3021,43,9461.29
INV800082,2025-02-01,P3022,107,110717.18
INV800083,2025-02-01,P3023,92,31128.2
INV800084,2025-02-01,P3024,94,83876.2
INV800085,2025-02-01,P3025,82,40231.66
INV800086,2025-02-01,P3026,72,118466.64
INV800087,2025-02-01,P3027,105,107059.05
INV800088,2025-02-01,P3028,51,32392.14
INV800089,2025-02-01,P3029,108,78145.56
INV800090,2025-02-01,P3030,26,24753.04
INV800091,2025-02-01,P3031,82,58144.56
INV800092,2025-02-01,P3032,28,32951.52
INV800093,2025-02-01,P3033,87,13763.4
INV800094,2025-02-01,P3034,53,40122.59
INV800095,2025-02-01,P3035,45,48380.4
INV800096,2025-02-01,P3036,72,110788.56
INV800097,2025-02-01,P3037,57,41936.04
INV800098,2025-02-01,P3038,136,54714.16
INV800099,2025-02-01,P3039,26,6874.4
INV800100,2025-02-01,P3040,14,32985.26
INV800101,2025-02-01,P3041,138,150181.26
INV800102,2025-02-01,P3042,31,46078.71
INV800103,2025-02-01,P3043,95,218918.95
INV800104,2025-02-01,P3044,17,4764.25
INV800105,2025-02-01,P3045,93,204741.36
INV800106,2025-02-01,P3046,142,200907.28
INV800107,2025-02-01,P3047,110,52679.0
INV800108,2025-02-01,P3048,55,59138.2
INV800109,2025-02-01,P3049,18,35312.4
INV800110,2025-02-01,P3050,88,109340.0
INV800111,2025-02-01,P3051,15,36965.85
INV800112,2025-02-01,P3052,57,56527.47
INV800113,2025-02-01,P3053,24,45455.52
INV800114,2025-02-01,P3054,100,103103.0
INV800115,2025-02-01,P3055,88,183619.04
INV800116,2025-02-01,P3056,53,77230.54
INV800117,2025-02-01,P3057,38,8880.6
INV800118,2025-02-01,P3058,35,5918.85
INV800119,2025-02-01,P3059,69,27870.48
INV800120,2025-02-01,P3060,99,11195.91
INV800121,2025-03-01,P3001,5,5679.65
INV800122,2025-03-01,P3002,122,246574.2
INV800123,2025-03-01,P3003,42,102753.84
INV800124,2025-03-01,P3004,40,57021.2
INV800125,2025-03-01,P3005,98,84368.2
INV800126,2025-03-01,P3006,22,4070.66
INV800127,2025-03-01,P3007,104,241034.56
INV800128,2025-03-01,P3008,102,235034.52
INV800129,2025-03-01,P3009,43,29766.32
INV800130,2025-03-01,P3010,17,29969.13
INV800131,2025-03-01,P3011,99,25992.45
INV800132,2025-03-01,P3012,58,27969.92
INV800133,2025-03-01,P3013,117,70747.56
INV800134,2025-03-01,P3014,48,38048.64
INV800135,2025-03-01,P3015,79,196702.89
INV800136,2025-03-01,P3016,99,174889.44
INV800137,2025-03-01,P3017,90,90879.3
INV800138,2025-03-01,P3018,126,234836.28
INV800139,2025-03-01,P3019,59,135400.28
INV800140,2025-03-01,P3020,82,196804.92
INV800141,2025-03-01,P3021,79,17382.37
INV800142,2025-03-01,P3022,45,46563.3
INV800143,2025-03-01,P3023,55,18609.25
INV800144,2025-03-01,P3024,87,77630.1
INV800145,2025-03-01,P3025,56,27475.28
INV800146,2025-03-01,P3026,50,82268.5
INV800147,2025-03-01,P3027,81,82588.41
INV800148,2025-03-01,P3028,72,45730.08
INV800149,2025-03-01,P3029,42,30389.94
INV800150,2025-03-01,P3030,56,53314.24
INV800151,2025-03-01,P3031,78,55308.24
INV800152,2025-03-01,P3032,108,127098.72
INV800153,2025-03-01,P3033,94,14870.8
INV800154,2025-03-01,P3034,92,69646.76
INV800155,2025-03-01,P3035,70,75258.4
INV800156,2025-03-01,P3036,64,98478.72
INV800157,2025-03-01,P3037,56,41200.32
INV800158,2025-03-01,P3038,63,25345.53
INV800159,2025-03-01,P3039,5,1322.0
INV800160,2025-03-01,P3040,80,188487.2
INV800161,2025-03-01,P3041,143,155622.61
INV800162,2025-03-01,P3042,58,86211.78
INV800163,2025-03-01,P3043,81,186657.21
INV800164,2025-03-01,P3044,52,14573.0
INV800165,2025-03-01,P3045,20,44030.4
INV800166,2025-03-01,P3046,96,135824.64
INV800167,2025-03-01,P3047,101,48368.9
INV800168,2025-03-01,P3048,57,61288.68
INV800169,2025-03-01,P3049,54,105937.2
INV800170,2025-03-01,P3050,83,103127.5
INV800171,2025-03-01,P3051,54,133077.06
INV800172,2025-03-01,P3052,95,94212.45
INV800173,2025-03-01,P3053,77,145836.46
INV800174,2025-03-01,P3054,88,90730.64
INV800175,2025-03-01,P3055,35,73030.3
INV800176,2025-03-01,P3056,90,131146.2
INV800177,2025-03-01,P3057,26,6076.2
INV800178,2025-03-01,P3058,27,4565.97
INV800179,2025-03-01,P3059,105,42411.6
INV800180,2025-03-01,P3060,47,5315.23
INV800181,2025-04-01,P3001,85,96554.05
INV800182,2025-04-01,P3002,71,143498.1
INV800183,2025-04-01,P3003,57,139451.64
INV800184,2025-04-01,P3004,77,109765.81
INV800185,2025-04-01,P3005,139,119665.1
INV800186,2025-04-01,P3006,72,13322.16
INV800187,2025-04-01,P3007,52,120517.28
INV800188,2025-04-01,P3008,84,193557.84
INV800189,2025-04-01,P3009,60,41534.4
INV800190,2025-04-01,P3010,136,239753.04
INV800191,2025-04-01,P3011,64,16803.2
INV800192,2025-04-01,P3012,97,46777.28
INV800193,2025-04-01,P3013,113,68328.84
INV800194,2025-04-01,P3014,57,45182.76
INV800195,2025-04-01,P3015,40,99596.4
INV800196,2025-04-01,P3016,78,137791.68
INV800197,2025-04-01,P3017,25,25244.25
INV800198,2025-04-01,P3018,72,134192.16
INV800199,2025-04-01,P3019,62,142285.04
INV800200,2025-04-01,P3020,105,252006.3
INV800201,2025-04-01,P3021,66,14521.98
INV800202,2025-04-01,P3022,101,104508.74
INV800203,2025-04-01,P3023,26,8797.1
INV800204,2025-04-01,P3024,25,22307.5
INV800205,2025-04-01,P3025,116,56913.08
INV800206,2025-04-01,P3026,58,95431.46
INV800207,2025-04-01,P3027,50,50980.5
INV800208,2025-04-01,P3028,82,52081.48
INV800209,2025-04-01,P3029,70,50649.9
INV800210,2025-04-01,P3030,92,87587.68
INV800211,2025-04-01,P3031,88,62399.04
INV800212,2025-04-01,P3032,53,62372.52
INV800213,2025-04-01,P3033,113,17876.6
INV800214,2025-04-01,P3034,87,65861.61
INV800215,2025-04-01,P3035,132,141915.84
INV800216,2025-04-01,P3036,128,196957.44
INV800217,2025-04-01,P3037,67,49293.24
INV800218,2025-04-01,P3038,61,24540.91
INV800219,2025-04-01,P3039,67,17714.8
INV800220,2025-04-01,P3040,91,214404.19
INV800221,2025-04-01,P3041,49,53325.23
INV800222,2025-04-01,P3042,92,136749.72
INV800223,2025-04-01,P3043,79,182048.39
INV800224,2025-04-01,P3044,70,19617.5
INV800225,2025-04-01,P3045,5,11007.6
INV800226,2025-04-01,P3046,50,70742.0
INV800227,2025-04-01,P3047,63,30170.7
INV800228,2025-04-01,P3048,28,30106.72
INV800229,2025-04-01,P3049,79,154982.2
INV800230,2025-04-01,P3050,77,95672.5
INV800231,2025-04-01,P3051,85,209473.15
INV800232,2025-04-01,P3052,119,118013.49
INV800233,2025-04-01,P3053,87,164776.26
INV800234,2025-04-01,P3054,64,65985.92
INV800235,2025-04-01,P3055,63,131454.54
INV800236,2025-04-01,P3056,109,158832.62
INV800237,2025-04-01,P3057,72,16826.4
INV800238,2025-04-01,P3058,75,12683.25
INV800239,2025-04-01,P3059,51,20599.92
INV800240,2025-04-01,P3060,5,565.45
INV800241,2025-05-01,P3001,36,40893.48
INV800242,2025-05-01,P3002,59,119244.9
INV800243,2025-05-01,P3003,99,242205.48
INV800244,2025-05-01,P3004,78,111191.34
INV800245,2025-05-01,P3005,61,52514.9
INV800246,2025-05-01,P3006,42,7771.26
INV800247,2025-05-01,P3007,132,305928.48
INV800248,2025-05-01,P3008,78,179732.28
INV800249,2025-05-01,P3009,33,22843.92
INV800250,2025-05-01,P3010,70,123402.3
INV800251,2025-05-01,P3011,110,28880.5
INV800252,2025-05-01,P3012,98,47259.52
INV800253,2025-05-01,P3013,118,71352.24
INV800254,2025-05-01,P3014,68,53902.24
INV800255,2025-05-01,P3015,102,253970.82
INV800256,2025-05-01,P3016,107,189021.92
INV800257,2025-05-01,P3017,63,63615.51
INV800258,2025-05-01,P3018,110,205015.8
INV800259,2025-05-01,P3019,26,59667.92
INV800260,2025-05-01,P3020,74,177604.44
INV800261,2025-05-01,P3021,78,17162.34
INV800262,2025-05-01,P3022,79,81744.46
INV800263,2025-05-01,P3023,124,41955.4
INV800264,2025-05-01,P3024,64,57107.2
INV800265,2025-05-01,P3025,42,20606.46
INV800266,2025-05-01,P3026,93,153019.41
INV800267,2025-05-01,P3027,86,87686.46
INV800268,2025-05-01,P3028,70,44459.8
INV800269,2025-05-01,P3029,55,39796.35
INV800270,2025-05-01,P3030,38,36177.52
INV800271,2025-05-01,P3031,73,51762.84
INV800272,2025-05-01,P3032,61,71787.24
INV800273,2025-05-01,P3033,93,14712.6
INV800274,2025-05-01,P3034,56,42393.68
INV800275,2025-05-01,P3035,88,94610.56
INV800276,2025-05-01,P3036,96,147718.08
INV800277,2025-05-01,P3037,87,64007.64
INV800278,2025-05-01,P3038,41,16494.71
INV800279,2025-05-01,P3039,98,25911.2
INV800280,2025-05-01,P3040,38,89531.42
INV800281,2025-05-01,P3041,72,78355.44
INV800282,2025-05-01,P3042,14,20809.74
INV800283,2025-05-01,P3043,55,126742.55
INV800284,2025-05-01,P3044,28,7847.0
INV800285,2025-05-01,P3045,29,63844.08
INV800286,2025-05-01,P3046,77,108942.68
INV800287,2025-05-01,P3047,86,41185.4
INV800288,2025-05-01,P3048,14,15053.36
INV800289,2025-05-01,P3049,56,109860.8
INV800290,2025-05-01,P3050,18,22365.0
INV800291,2025-05-01,P3051,83,204544.37
INV800292,2025-05-01,P3052,117,116030.07
INV800293,2025-05-01,P3053,76,143942.48
INV800294,2025-05-01,P3054,42,43303.26
INV800295,2025-05-01,P3055,16,33385.28
INV800296,2025-05-01,P3056,86,125317.48
INV800297,2025-05-01,P3057,60,14022.0
INV800298,2025-05-01,P3058,58,9808.38
INV800299,2025-05-01,P3059,37,14945.04
INV800300,2025-05-01,P3060,109,12326.81
INV800301,2025-06-01,P3001,65,73835.45
INV800302,2025-06-01,P3002,112,226363.2
INV800303,2025-06-01,P3003,115,281349.8
INV800304,2025-06-01,P3004,38,54170.14
INV800305,2025-06-01,P3005,70,60263.0
INV800306,2025-06-01,P3006,77,14247.31
INV800307,2025-06-01,P3007,118,273481.52
INV800308,2025-06-01,P3008,25,57606.5
INV800309,2025-06-01,P3009,85,58840.4
INV800310,2025-06-01,P3010,64,112824.96
INV800311,2025-06-01,P3011,25,6563.75
INV800312,2025-06-01,P3012,106,51117.44
INV800313,2025-06-01,P3013,100,60468.0
INV800314,2025-06-01,P3014,19,15060.92
INV800315,2025-06-01,P3015,40,99596.4
INV800316,2025-06-01,P3016,104,183722.24
INV800317,2025-06-01,P3017,95,95928.15
INV800318,2025-06-01,P3018,124,231108.72
INV800319,2025-06-01,P3019,108,247851.36
INV800320,2025-06-01,P3020,113,271206.78
INV800321,2025-06-01,P3021,112,24643.36
INV800322,2025-06-01,P3022,51,52771.74
INV800323,2025-06-01,P3023,72,24361.2
INV800324,2025-06-01,P3024,68,60676.4
INV800325,2025-06-01,P3025,62,30419.06
INV800326,2025-06-01,P3026,97,159600.89
INV800327,2025-06-01,P3027,14,14274.54
INV800328,2025-06-01,P3028,121,76851.94
INV800329,2025-06-01,P3029,33,23877.81
INV800330,2025-06-01,P3030,83,79019.32
INV800331,2025-06-01,P3031,63,44672.04
INV800332,2025-06-01,P3032,113,132982.92
INV800333,2025-06-01,P3033,105,16611.0
INV800334,2025-06-01,P3034,45,34066.35
INV800335,2025-06-01,P3035,28,30103.36
INV800336,2025-06-01,P3036,83,127714.59
INV800337,2025-06-01,P3037,114,83872.08
INV800338,2025-06-01,P3038,94,37817.14
INV800339,2025-06-01,P3039,69,18243.6
INV800340,2025-06-01,P3040,86,202623.74
INV800341,2025-06-01,P3041,52,56590.04
INV800342,2025-06-01,P3042,38,56483.58
INV800343,2025-06-01,P3043,9,20739.69
INV800344,2025-06-01,P3044,110,30827.5
INV800345,2025-06-01,P3045,30,66045.6
INV800346,2025-06-01,P3046,13,18392.92
INV800347,2025-06-01,P3047,85,40706.5
INV800348,2025-06-01,P3048,104,111824.96
INV800349,2025-06-01,P3049,39,76510.2
INV800350,2025-06-01,P3050,145,180162.5
INV800351,2025-06-01,P3051,106,261225.34
INV800352,2025-06-01,P3052,100,99171.0
INV800353,2025-06-01,P3053,71,134472.58
INV800354,2025-06-01,P3054,74,76296.22
INV800355,2025-06-01,P3055,109,227437.22
INV800356,2025-06-01,P3056,134,195262.12
INV800357,2025-06-01,P3057,113,26408.1
INV800358,2025-06-01,P3058,51,8624.61
INV800359,2025-06-01,P3059,42,16964.64
INV800360,2025-06-01,P3060,84,9499.56
INV800361,2025-07-01,P3001,69,78379.17
INV800362,2025-07-01,P3002,45,90949.5
INV800363,2025-07-01,P3003,43,105200.36
INV800364,2025-07-01,P3004,81,115467.93
INV800365,2025-07-01,P3005,81,69732.9
INV800366,2025-07-01,P3006,89,16467.67
INV800367,2025-07-01,P3007,19,44035.16
INV800368,2025-07-01,P3008,105,241947.3
INV800369,2025-07-01,P3009,62,42918.88
INV800370,2025-07-01,P3010,89,156897.21
INV800371,2025-07-01,P3011,44,11552.2
INV800372,2025-07-01,P3012,42,20254.08
INV800373,2025-07-01,P3013,35,21163.8
INV800374,2025-07-01,P3014,51,40426.68
INV800375,2025-07-01,P3015,106,263930.46
INV800376,2025-07-01,P3016,50,88328.0
INV800377,2025-07-01,P3017,16,16156.32
INV800378,2025-07-01,P3018,94,175195.32
INV800379,2025-07-01,P3019,24,55078.08
INV800380,2025-07-01,P3020,74,177604.44
INV800381,2025-07-01,P3021,43,9461.29
INV800382,2025-07-01,P3022,53,54841.22
INV800383,2025-07-01,P3023,61,20639.35
INV800384,2025-07-01,P3024,89,79414.7
INV800385,2025-07-01,P3025,71,34834.73
INV800386,2025-07-01,P3026,23,37843.51
INV800387,2025-07-01,P3027,27,27529.47
INV800388,2025-07-01,P3028,90,57162.6
INV800389,2025-07-01,P3029,24,17365.68
INV800390,2025-07-01,P3030,78,74259.12
INV800391,2025-07-01,P3031,111,78707.88
INV800392,2025-07-01,P3032,42,49427.28
INV800393,2025-07-01,P3033,74,11706.8
INV800394,2025-07-01,P3034,56,42393.68
INV800395,2025-07-01,P3035,35,37629.2
INV800396,2025-07-01,P3036,105,161566.65
INV800397,2025-07-01,P3037,82,60329.04
INV800398,2025-07-01,P3038,98,39426.38
INV800399,2025-07-01,P3039,57,15070.8
INV800400,2025-07-01,P3040,93,219116.37
INV800401,2025-07-01,P3041,70,76178.9
INV800402,2025-07-01,P3042,65,96616.65
INV800403,2025-07-01,P3043,65,149786.65
INV800404,2025-07-01,P3044,24,6726.0
INV800405,2025-07-01,P3045,34,74851.68
INV800406,2025-07-01,P3046,88,124505.92
INV800407,2025-07-01,P3047,123,58904.7
INV800408,2025-07-01,P3048,111,119351.64
INV800409,2025-07-01,P3049,69,135364.2
INV800410,2025-07-01,P3050,87,108097.5
INV800411,2025-07-01,P3051,40,98575.6
INV800412,2025-07-01,P3052,93,92229.03
INV800413,2025-07-01,P3053,116,219701.68
INV800414,2025-07-01,P3054,95,97947.85
INV800415,2025-07-01,P3055,85,177359.3
INV800416,2025-07-01,P3056,9,13114.62
INV800417,2025-07-01,P3057,103,24071.1
INV800418,2025-07-01,P3058,119,20124.09
INV800419,2025-07-01,P3059,98,39584.16
INV800420,2025-07-01,P3060,53,5993.77
INV800421,2025-08-01,P3001,72,81786.96
INV800422,2025-08-01,P3002,71,143498.1
INV800423,2025-08-01,P3003,117,286242.84
INV800424,2025-08-01,P3004,98,139701.94
INV800425,2025-08-01,P3005,14,12052.6
INV800426,2025-08-01,P3006,72,13322.16
INV800427,2025-08-01,P3007,19,44035.16
INV800428,2025-08-01,P3008,101,232730.26
INV800429,2025-08-01,P3009,81,56071.44
INV800430,2025-08-01,P3010,52,91670.28
INV800431,2025-08-01,P3011,52,13652.6
INV800432,2025-08-01,P3012,80,38579.2
INV800433,2025-08-01,P3013,5,3023.4
INV800434,2025-08-01,P3014,98,77682.64
INV800435,2025-08-01,P3015,57,141924.87
INV800436,2025-08-01,P3016,80,141324.8
INV800437,2025-08-01,P3017,48,48468.96
INV800438,2025-08-01,P3018,107,199424.46
INV800439,2025-08-01,P3019,32,73437.44
INV800440,2025-08-01,P3020,55,132003.3
INV800441,2025-08-01,P3021,62,13641.86
INV800442,2025-08-01,P3022,37,38285.38
INV800443,2025-08-01,P3023,70,23684.5
INV800444,2025-08-01,P3024,105,93691.5
INV800445,2025-08-01,P3025,63,30909.69
INV800446,2025-08-01,P3026,107,176054.59
INV800447,2025-08-01,P3027,5,5098.05
INV800448,2025-08-01,P3028,24,15243.36
INV800449,2025-08-01,P3029,51,36902.07
INV800450,2025-08-01,P3030,139,132333.56
INV800451,2025-08-01,P3031,81,57435.48
INV800452,2025-08-01,P3032,17,20006.28
INV800453,2025-08-01,P3033,37,5853.4
INV800454,2025-08-01,P3034,94,71160.82
INV800455,2025-08-01,P3035,123,132239.76
INV800456,2025-08-01,P3036,89,136946.97
INV800457,2025-08-01,P3037,115,84607.8
INV800458,2025-08-01,P3038,25,10057.75
INV800459,2025-08-01,P3039,140,37016.0
INV800460,2025-08-01,P3040,93,219116.37
INV800461,2025-08-01,P3041,24,26118.48
INV800462,2025-08-01,P3042,34,50537.94
INV800463,2025-08-01,P3043,59,135960.19
INV800464,2025-08-01,P3044,88,24662.0
INV800465,2025-08-01,P3045,72,158509.44
INV800466,2025-08-01,P3046,119,168365.96
INV800467,2025-08-01,P3047,78,37354.2
INV800468,2025-08-01,P3048,16,17203.84
INV800469,2025-08-01,P3049,94,184409.2
INV800470,2025-08-01,P3050,89,110582.5
INV800471,2025-08-01,P3051,84,207008.76
INV800472,2025-08-01,P3052,94,93220.74
INV800473,2025-08-01,P3053,99,187504.02
INV800474,2025-08-01,P3054,48,49489.44
INV800475,2025-08-01,P3055,58,121021.64
INV800476,2025-08-01,P3056,39,56830.02
INV800477,2025-08-01,P3057,5,1168.5
INV800478,2025-08-01,P3058,63,10653.93
INV800479,2025-08-01,P3059,67,27062.64
INV800480,2025-08-01,P3060,102,11535.18
INV800481,2025-09-01,P3001,43,48844.99
INV800482,2025-09-01,P3002,76,153603.6
INV800483,2025-09-01,P3003,14,34251.28
INV800484,2025-09-01,P3004,43,61297.79
INV800485,2025-09-01,P3005,107,92116.3
INV800486,2025-09-01,P3006,107,19798.21
INV800487,2025-09-01,P3007,79,183093.56
INV800488,2025-09-01,P3008,89,205079.14
INV800489,2025-09-01,P3009,23,15921.52
INV800490,2025-09-01,P3010,102,179814.78
INV800491,2025-09-01,P3011,83,21791.65
INV800492,2025-09-01,P3012,50,24112.0
INV800493,2025-09-01,P3013,40,24187.2
INV800494,2025-09-01,P3014,38,30121.84
INV800495,2025-09-01,P3015,53,131965.23
INV800496,2025-09-01,P3016,97,171356.32
INV800497,2025-09-01,P3017,87,87849.99
INV800498,2025-09-01,P3018,83,154693.74
INV800499,2025-09-01,P3019,70,160644.4
INV800500,2025-09-01,P3020,40,96002.4
INV800501,2025-09-01,P3021,53,11661.59
INV800502,2025-09-01,P3022,51,52771.74
INV800503,2025-09-01,P3023,53,17932.55
INV800504,2025-09-01,P3024,81,72276.3
INV800505,2025-09-01,P3025,103,50534.89
INV800506,2025-09-01,P3026,21,34552.77
INV800507,2025-09-01,P3027,47,47921.67
INV800508,2025-09-01,P3028,21,13337.94
INV800509,2025-09-01,P3029,97,70186.29
INV800510,2025-09-01,P3030,50,47602.0
INV800511,2025-09-01,P3031,97,68780.76
INV800512,2025-09-01,P3032,97,114153.48
INV800513,2025-09-01,P3033,126,19933.2
INV800514,2025-09-01,P3034,104,78731.12
INV800515,2025-09-01,P3035,89,95685.68
INV800516,2025-09-01,P3036,134,206189.82
INV800517,2025-09-01,P3037,124,91229.28
INV800518,2025-09-01,P3038,105,42242.55
INV800519,2025-09-01,P3039,50,13220.0
INV800520,2025-09-01,P3040,76,179062.84
INV800521,2025-09-01,P3041,96,104473.92
INV800522,2025-09-01,P3042,109,162018.69
INV800523,2025-09-01,P3043,14,32261.74
INV800524,2025-09-01,P3044,47,13171.75
INV800525,2025-09-01,P3045,128,281794.56
INV800526,2025-09-01,P3046,45,63667.8
INV800527,2025-09-01,P3047,99,47411.1
INV800528,2025-09-01,P3048,25,26881.0
INV800529,2025-09-01,P3049,26,51006.8
INV800530,2025-09-01,P3050,43,53427.5
INV800531,2025-09-01,P3051,70,172507.3
INV800532,2025-09-01,P3052,53,52560.63
INV800533,2025-09-01,P3053,53,100380.94
INV800534,2025-09-01,P3054,57,58768.71
INV800535,2025-09-01,P3055,64,133541.12
INV800536,2025-09-01,P3056,44,64115.92
INV800537,2025-09-01,P3057,5,1168.5
INV800538,2025-09-01,P3058,107,18094.77
INV800539,2025-09-01,P3059,58,23427.36
INV800540,2025-09-01,P3060,96,10856.64
INV800541,2025-10-01,P3001,85,96554.05
INV800542,2025-10-01,P3002,86,173814.6
INV800543,2025-10-01,P3003,100,244652.0
INV800544,2025-10-01,P3004,119,169638.07
INV800545,2025-10-01,P3005,36,30992.4
INV800546,2025-10-01,P3006,103,19058.09
INV800547,2025-10-01,P3007,94,217858.16
INV800548,2025-10-01,P3008,38,87561.88
INV800549,2025-10-01,P3009,76,52610.24
INV800550,2025-10-01,P3010,9,15866.01
INV800551,2025-10-01,P3011,118,30980.9
INV800552,2025-10-01,P3012,89,42919.36
INV800553,2025-10-01,P3013,99,59863.32
INV800554,2025-10-01,P3014,87,68963.16
INV800555,2025-10-01,P3015,42,104576.22
INV800556,2025-10-01,P3016,70,123659.2
INV800557,2025-10-01,P3017,55,55537.35
INV800558,2025-10-01,P3018,47,87597.66
INV800559,2025-10-01,P3019,10,22949.2
INV800560,2025-10-01,P3020,61,146403.66
INV800561,2025-10-01,P3021,29,6380.87
INV800562,2025-10-01,P3022,5,5173.7
INV800563,2025-10-01,P3023,27,9135.45
INV800564,2025-10-01,P3024,57,50861.1
INV800565,2025-10-01,P3025,63,30909.69
INV800566,2025-10-01,P3026,113,185926.81
INV800567,2025-10-01,P3027,103,105019.83
INV800568,2025-10-01,P3028,32,20324.48
INV800569,2025-10-01,P3029,65,47032.05
INV800570,2025-10-01,P3030,50,47602.0
INV800571,2025-10-01,P3031,70,49635.6
INV800572,2025-10-01,P3032,49,57665.16
INV800573,2025-10-01,P3033,5,791.0
INV800574,2025-10-01,P3034,17,12869.51
INV800575,2025-10-01,P3035,80,86009.6
INV800576,2025-10-01,P3036,129,198496.17
INV800577,2025-10-01,P3037,32,23543.04
INV800578,2025-10-01,P3038,54,21724.74
INV800579,2025-10-01,P3039,38,10047.2
INV800580,2025-10-01,P3040,64,150789.76
INV800581,2025-10-01,P3041,32,34824.64
INV800582,2025-10-01,P3042,50,74320.5
INV800583,2025-10-01,P3043,26,59914.66
INV800584,2025-10-01,P3044,35,9808.75
INV800585,2025-10-01,P3045,68,149703.36
INV800586,2025-10-01,P3046,26,36785.84
INV800587,2025-10-01,P3047,91,43579.9
INV800588,2025-10-01,P3048,16,17203.84
INV800589,2025-10-01,P3049,34,66701.2
INV800590,2025-10-01,P3050,59,73307.5
INV800591,2025-10-01,P3051,35,86253.65
INV800592,2025-10-01,P3052,22,21817.62
INV800593,2025-10-01,P3053,52,98486.96
INV800594,2025-10-01,P3054,98,101040.94
INV800595,2025-10-01,P3055,42,87636.36
INV800596,2025-10-01,P3056,40,58287.2
INV800597,2025-10-01,P3057,94,21967.8
INV800598,2025-10-01,P3058,81,13697.91
INV800599,2025-10-01,P3059,76,30697.92
INV800600,2025-10-01,P3060,86,9725.74
INV800601,2025-11-01,P3001,40,45437.2
INV800602,2025-11-01,P3002,20,40422.0
INV800603,2025-11-01,P3003,38,92967.76
INV800604,2025-11-01,P3004,114,162510.42
INV800605,2025-11-01,P3005,64,55097.6
INV800606,2025-11-01,P3006,54,9991.62
INV800607,2025-11-01,P3007,91,210905.24
INV800608,2025-11-01,P3008,53,122125.78
INV800609,2025-11-01,P3009,55,38073.2
INV800610,2025-11-01,P3010,23,40546.47
INV800611,2025-11-01,P3011,101,26517.55
INV800612,2025-11-01,P3012,88,42437.12
INV800613,2025-11-01,P3013,58,35071.44
INV800614,2025-11-01,P3014,63,49938.84
INV800615,2025-11-01,P3015,95,236541.45
INV800616,2025-11-01,P3016,121,213753.76
INV800617,2025-11-01,P3017,40,40390.8
INV800618,2025-11-01,P3018,29,54049.62
INV800619,2025-11-01,P3019,95,218017.4
INV800620,2025-11-01,P3020,64,153603.84
INV800621,2025-11-01,P3021,76,16722.28
INV800622,2025-11-01,P3022,126,130377.24
INV800623,2025-11-01,P3023,85,28759.75
INV800624,2025-11-01,P3024,76,67814.8
INV800625,2025-11-01,P3025,92,45137.96
INV800626,2025-11-01,P3026,59,97076.83
INV800627,2025-11-01,P3027,110,112157.1
INV800628,2025-11-01,P3028,75,47635.5
INV800629,2025-11-01,P3029,68,49202.76
INV800630,2025-11-01,P3030,13,12376.52
INV800631,2025-11-01,P3031,105,74453.4
INV800632,2025-11-01,P3032,50,58842.0
INV800633,2025-11-01,P3033,5,791.0
INV800634,2025-11-01,P3034,33,24981.99
INV800635,2025-11-01,P3035,48,51605.76
INV800636,2025-11-01,P3036,107,164644.11
INV800637,2025-11-01,P3037,5,3678.6
INV800638,2025-11-01,P3038,109,43851.79
INV800639,2025-11-01,P3039,46,12162.4
INV800640,2025-11-01,P3040,26,61258.34
INV800641,2025-11-01,P3041,59,64207.93
INV800642,2025-11-01,P3042,105,156073.05
INV800643,2025-11-01,P3043,41,94480.81
INV800644,2025-11-01,P3044,63,17655.75
INV800645,2025-11-01,P3045,5,11007.6
INV800646,2025-11-01,P3046,49,69327.16
INV800647,2025-11-01,P3047,103,49326.7
INV800648,2025-11-01,P3048,67,72041.08
INV800649,2025-11-01,P3049,116,227568.8
INV800650,2025-11-01,P3050,69,85732.5
INV800651,2025-11-01,P3051,88,216866.32
INV800652,2025-11-01,P3052,140,138839.4
INV800653,2025-11-01,P3053,14,26515.72
INV800654,2025-11-01,P3054,113,116506.39
INV800655,2025-11-01,P3055,29,60510.82
INV800656,2025-11-01,P3056,37,53915.66
INV800657,2025-11-01,P3057,84,19630.8
INV800658,2025-11-01,P3058,34,5749.74
INV800659,2025-11-01,P3059,10,4039.2
INV800660,2025-11-01,P3060,75,8481.75
INV800661,2025-12-01,P3001,79,89738.47
INV800662,2025-12-01,P3002,60,121266.0
INV800663,2025-12-01,P3003,16,39144.32
INV800664,2025-12-01,P3004,45,64148.85
INV800665,2025-12-01,P3005,114,98142.6
INV800666,2025-12-01,P3006,22,4070.66
INV800667,2025-12-01,P3007,84,194681.76
INV800668,2025-12-01,P3008,73,168210.98
INV800669,2025-12-01,P3009,74,51225.76
INV800670,2025-12-01,P3010,102,179814.78
INV800671,2025-12-01,P3011,50,13127.5
INV800672,2025-12-01,P3012,12,5786.88
INV800673,2025-12-01,P3013,93,56235.24
INV800674,2025-12-01,P3014,60,47560.8
INV800675,2025-12-01,P3015,30,74697.3
INV800676,2025-12-01,P3016,105,185488.8
INV800677,2025-12-01,P3017,76,76742.52
INV800678,2025-12-01,P3018,96,178922.88
INV800679,2025-12-01,P3019,72,165234.24
INV800680,2025-12-01,P3020,101,242406.06
INV800681,2025-12-01,P3021,77,16942.31
INV800682,2025-12-01,P3022,110,113821.4
INV800683,2025-12-01,P3023,56,18947.6
INV800684,2025-12-01,P3024,51,45507.3
INV800685,2025-12-01,P3025,102,50044.26
INV800686,2025-12-01,P3026,110,180990.7
INV800687,2025-12-01,P3027,40,40784.4
INV800688,2025-12-01,P3028,48,30486.72
INV800689,2025-12-01,P3029,47,34007.79
INV800690,2025-12-01,P3030,53,50458.12
INV800691,2025-12-01,P3031,46,32617.68
INV800692,2025-12-01,P3032,24,28244.16
INV800693,2025-12-01,P3033,47,7435.4
INV800694,2025-12-01,P3034,5,3785.15
INV800695,2025-12-01,P3035,83,89234.96
INV800696,2025-12-01,P3036,8,12309.84
INV800697,2025-12-01,P3037,51,37521.72
INV800698,2025-12-01,P3038,25,10057.75
INV800699,2025-12-01,P3039,30,7932.0
INV800700,2025-12-01,P3040,19,44765.71
INV800701,2025-12-01,P3041,57,62031.39
INV800702,2025-12-01,P3042,5,7432.05
INV800703,2025-12-01,P3043,93,214310.13
INV800704,2025-12-01,P3044,116,32509.0
INV800705,2025-12-01,P3045,135,297205.2
INV800706,2025-12-01,P3046,77,108942.68
INV800707,2025-12-01,P3047,57,27297.3
INV800708,2025-12-01,P3048,107,115050.68
INV800709,2025-12-01,P3049,94,184409.2
INV800710,2025-12-01,P3050,76,94430.0
INV800711,2025-12-01,P3051,94,231652.66
INV800712,2025-12-01,P3052,142,140822.82
INV800713,2025-12-01,P3053,59,111744.82
INV800714,2025-12-01,P3054,116,119599.48
INV800715,2025-12-01,P3055,108,225350.64
INV800716,2025-12-01,P3056,32,46629.76
INV800717,2025-12-01,P3057,51,11918.7
INV800718,2025-12-01,P3058,79,13359.69
INV800719,2025-12-01,P3059,117,47258.64
INV800720,2025-12-01,P3060,26,2940.34
INV800721,2026-01-01,P3001,50,56796.5
INV800722,2026-01-01,P3002,84,169772.4
INV800723,2026-01-01,P3003,17,41590.84
INV800724,2026-01-01,P3004,61,86957.33
INV800725,2026-01-01,P3005,73,62845.7
INV800726,2026-01-01,P3006,116,21463.48
INV800727,2026-01-01,P3007,22,50988.08
INV800728,2026-01-01,P3008,62,142864.12
INV800729,2026-01-01,P3009,61,42226.64
INV800730,2026-01-01,P3010,60,105773.4
INV800731,2026-01-01,P3011,60,15753.0
INV800732,2026-01-01,P3012,64,30863.36
INV800733,2026-01-01,P3013,66,39908.88
INV800734,2026-01-01,P3014,56,44390.08
INV800735,2026-01-01,P3015,96,239031.36
INV800736,2026-01-01,P3016,82,144857.92
INV800737,2026-01-01,P3017,91,91889.07
INV800738,2026-01-01,P3018,30,55913.4
INV800739,2026-01-01,P3019,92,211132.64
INV800740,2026-01-01,P3020,27,64801.62
INV800741,2026-01-01,P3021,107,23543.21
INV800742,2026-01-01,P3022,45,46563.3
INV800743,2026-01-01,P3023,34,11503.9
INV800744,2026-01-01,P3024,56,49968.8
INV800745,2026-01-01,P3025,89,43666.07
INV800746,2026-01-01,P3026,51,83913.87
INV800747,2026-01-01,P3027,57,58117.77
INV800748,2026-01-01,P3028,54,34297.56
INV800749,2026-01-01,P3029,30,21707.1
INV800750,2026-01-01,P3030,71,67594.84
INV800751,2026-01-01,P3031,138,97853.04
INV800752,2026-01-01,P3032,65,76494.6
INV800753,2026-01-01,P3033,122,19300.4
INV800754,2026-01-01,P3034,111,84030.33
INV800755,2026-01-01,P3035,107,115037.84
INV800756,2026-01-01,P3036,111,170799.03
INV800757,2026-01-01,P3037,82,60329.04
INV800758,2026-01-01,P3038,101,40633.31
INV800759,2026-01-01,P3039,20,5288.0
INV800760,2026-01-01,P3040,66,155501.94
INV800761,2026-01-01,P3041,5,5441.35
INV800762,2026-01-01,P3042,113,167964.33
INV800763,2026-01-01,P3043,56,129046.96
INV800764,2026-01-01,P3044,117,32789.25
INV800765,2026-01-01,P3045,81,178323.12
INV800766,2026-01-01,P3046,34,48104.56
INV800767,2026-01-01,P3047,83,39748.7
INV800768,2026-01-01,P3048,5,5376.2
INV800769,2026-01-01,P3049,37,72586.6
INV800770,2026-01-01,P3050,77,95672.5
INV800771,2026-01-01,P3051,105,258760.95
INV800772,2026-01-01,P3052,68,67436.28
INV800773,2026-01-01,P3053,120,227277.6
INV800774,2026-01-01,P3054,67,69079.01
INV800775,2026-01-01,P3055,52,108502.16
INV800776,2026-01-01,P3056,66,96173.88
INV800777,2026-01-01,P3057,42,9815.4
INV800778,2026-01-01,P3058,51,8624.61
INV800779,2026-01-01,P3059,81,32717.52
INV800780,2026-01-01,P3060,111,12552.99
INV800781,2026-02-01,P3001,90,102233.7
INV800782,2026-02-01,P3002,50,101055.0
INV800783,2026-02-01,P3003,34,83181.68
INV800784,2026-02-01,P3004,65,92659.45
INV800785,2026-02-01,P3005,51,43905.9
INV800786,2026-02-01,P3006,105,19428.15
INV800787,2026-02-01,P3007,81,187728.84
INV800788,2026-02-01,P3008,27,62215.02
INV800789,2026-02-01,P3009,74,51225.76
INV800790,2026-02-01,P3010,109,192155.01
INV800791,2026-02-01,P3011,42,11027.1
INV800792,2026-02-01,P3012,110,53046.4
INV800793,2026-02-01,P3013,107,64700.76
INV800794,2026-02-01,P3014,51,40426.68
INV800795,2026-02-01,P3015,36,89636.76
INV800796,2026-02-01,P3016,64,113059.84
INV800797,2026-02-01,P3017,61,61595.97
INV800798,2026-02-01,P3018,122,227381.16
INV800799,2026-02-01,P3019,107,245556.44
INV800800,2026-02-01,P3020,48,115202.88
INV800801,2026-02-01,P3021,53,11661.59
INV800802,2026-02-01,P3022,66,68292.84
INV800803,2026-02-01,P3023,32,10827.2
INV800804,2026-02-01,P3024,96,85660.8
INV800805,2026-02-01,P3025,62,30419.06
INV800806,2026-02-01,P3026,35,57587.95
INV800807,2026-02-01,P3027,108,110117.88
INV800808,2026-02-01,P3028,82,52081.48
INV800809,2026-02-01,P3029,57,41243.49
INV800810,2026-02-01,P3030,88,83779.52
INV800811,2026-02-01,P3031,24,17017.92
INV800812,2026-02-01,P3032,76,89439.84
INV800813,2026-02-01,P3033,37,5853.4
INV800814,2026-02-01,P3034,38,28767.14
INV800815,2026-02-01,P3035,81,87084.72
INV800816,2026-02-01,P3036,90,138485.7
INV800817,2026-02-01,P3037,115,84607.8
INV800818,2026-02-01,P3038,71,28564.01
INV800819,2026-02-01,P3039,6,1586.4
INV800820,2026-02-01,P3040,93,219116.37
INV800821,2026-02-01,P3041,83,90326.41
INV800822,2026-02-01,P3042,50,74320.5
INV800823,2026-02-01,P3043,68,156699.88
INV800824,2026-02-01,P3044,92,25783.0
INV800825,2026-02-01,P3045,42,92463.84
INV800826,2026-02-01,P3046,33,46689.72
INV800827,2026-02-01,P3047,51,24423.9
INV800828,2026-02-01,P3048,89,95696.36
INV800829,2026-02-01,P3049,48,94166.4
INV800830,2026-02-01,P3050,122,151585.0
INV800831,2026-02-01,P3051,45,110897.55
INV800832,2026-02-01,P3052,47,46610.37
INV800833,2026-02-01,P3053,117,221595.66
INV800834,2026-02-01,P3054,57,58768.71
INV800835,2026-02-01,P3055,101,210744.58
INV800836,2026-02-01,P3056,33,48086.94
INV800837,2026-02-01,P3057,72,16826.4
INV800838,2026-02-01,P3058,28,4735.08
INV800839,2026-02-01,P3059,44,17772.48
INV800840,2026-02-01,P3060,65,7350.85
INV800841,2026-03-01,P3001,81,92010.33
INV800842,2026-03-01,P3002,44,88928.4
INV800843,2026-03-01,P3003,55,134558.6
INV800844,2026-03-01,P3004,10,14255.3
INV800845,2026-03-01,P3005,45,38740.5
INV800846,2026-03-01,P3006,42,7771.26
INV800847,2026-03-01,P3007,31,71846.84
INV800848,2026-03-01,P3008,104,239643.04
INV800849,2026-03-01,P3009,54,37380.96
INV800850,2026-03-01,P3010,48,84618.72
INV800851,2026-03-01,P3011,63,16540.65
INV800852,2026-03-01,P3012,130,62691.2
INV800853,2026-03-01,P3013,99,59863.32
INV800854,2026-03-01,P3014,68,53902.24
INV800855,2026-03-01,P3015,92,229071.72
INV800856,2026-03-01,P3016,24,42397.44
INV800857,2026-03-01,P3017,81,81791.37
INV800858,2026-03-01,P3018,86,160285.08
INV800859,2026-03-01,P3019,115,263915.8
INV800860,2026-03-01,P3020,28,67201.68
INV800861,2026-03-01,P3021,22,4840.66
INV800862,2026-03-01,P3022,74,76570.76
INV800863,2026-03-01,P3023,43,14549.05
INV800864,2026-03-01,P3024,47,41938.1
INV800865,2026-03-01,P3025,92,45137.96
INV800866,2026-03-01,P3026,84,138211.08
INV800867,2026-03-01,P3027,104,106039.44
INV800868,2026-03-01,P3028,9,5716.26
INV800869,2026-03-01,P3029,114,82486.98
INV800870,2026-03-01,P3030,106,100916.24
INV800871,2026-03-01,P3031,86,60980.88
INV800872,2026-03-01,P3032,69,81201.96
INV800873,2026-03-01,P3033,82,12972.4
INV800874,2026-03-01,P3034,30,22710.9
INV800875,2026-03-01,P3035,165,177394.8
INV800876,2026-03-01,P3036,32,49239.36
INV800877,2026-03-01,P3037,102,75043.44
INV800878,2026-03-01,P3038,96,38621.76
INV800879,2026-03-01,P3039,16,4230.4
INV800880,2026-03-01,P3040,75,176706.75
INV800881,2026-03-01,P3041,76,82708.52
INV800882,2026-03-01,P3042,105,156073.05
INV800883,2026-03-01,P3043,47,108307.27
INV800884,2026-03-01,P3044,70,19617.5
INV800885,2026-03-01,P3045,36,79254.72
INV800886,2026-03-01,P3046,56,79231.04
INV800887,2026-03-01,P3047,108,51721.2
INV800888,2026-03-01,P3048,117,125803.08
INV800889,2026-03-01,P3049,48,94166.4
INV800890,2026-03-01,P3050,78,96915.0
INV800891,2026-03-01,P3051,62,152792.18
INV800892,2026-03-01,P3052,59,58510.89
INV800893,2026-03-01,P3053,123,232959.54
INV800894,2026-03-01,P3054,45,46396.35
INV800895,2026-03-01,P3055,53,110588.74
INV800896,2026-03-01,P3056,114,166118.52
INV800897,2026-03-01,P3057,75,17527.5
INV800898,2026-03-01,P3058,70,11837.7
INV800899,2026-03-01,P3059,109,44027.28
INV800900,2026-03-01,P3060,33,3731.97
INV800901,2026-04-01,P3001,76,86330.68
INV800902,2026-04-01,P3002,51,103076.1
INV800903,2026-04-01,P3003,55,134558.6
INV800904,2026-04-01,P3004,106,151106.18
INV800905,2026-04-01,P3005,70,60263.0
INV800906,2026-04-01,P3006,68,12582.04
INV800907,2026-04-01,P3007,38,88070.32
INV800908,2026-04-01,P3008,55,126734.3
INV800909,2026-04-01,P3009,73,50533.52
INV800910,2026-04-01,P3010,44,77567.16
INV800911,2026-04-01,P3011,89,23366.95
INV800912,2026-04-01,P3012,73,35203.52
INV800913,2026-04-01,P3013,112,67724.16
INV800914,2026-04-01,P3014,36,28536.48
INV800915,2026-04-01,P3015,105,261440.55
INV800916,2026-04-01,P3016,59,104227.04
INV800917,2026-04-01,P3017,63,63615.51
INV800918,2026-04-01,P3018,56,104371.68
INV800919,2026-04-01,P3019,65,149169.8
INV800920,2026-04-01,P3020,116,278406.96
INV800921,2026-04-01,P3021,22,4840.66
INV800922,2026-04-01,P3022,57,58980.18
INV800923,2026-04-01,P3023,26,8797.1
INV800924,2026-04-01,P3024,61,54430.3
INV800925,2026-04-01,P3025,39,19134.57
INV800926,2026-04-01,P3026,79,129984.23
INV800927,2026-04-01,P3027,83,84627.63
INV800928,2026-04-01,P3028,51,32392.14
INV800929,2026-04-01,P3029,24,17365.68
INV800930,2026-04-01,P3030,113,107580.52
INV800931,2026-04-01,P3031,56,39708.48
INV800932,2026-04-01,P3032,18,21183.12
INV800933,2026-04-01,P3033,40,6328.0
INV800934,2026-04-01,P3034,36,27253.08
INV800935,2026-04-01,P3035,10,10751.2
INV800936,2026-04-01,P3036,100,153873.0
INV800937,2026-04-01,P3037,109,80193.48
INV800938,2026-04-01,P3038,78,31380.18
INV800939,2026-04-01,P3039,54,14277.6
INV800940,2026-04-01,P3040,63,148433.67
INV800941,2026-04-01,P3041,62,67472.74
INV800942,2026-04-01,P3042,39,57969.99
INV800943,2026-04-01,P3043,63,145177.83
INV800944,2026-04-01,P3044,111,31107.75
INV800945,2026-04-01,P3045,60,132091.2
INV800946,2026-04-01,P3046,131,185344.04
INV800947,2026-04-01,P3047,108,51721.2
INV800948,2026-04-01,P3048,90,96771.6
INV800949,2026-04-01,P3049,70,137326.0
INV800950,2026-04-01,P3050,86,106855.0
INV800951,2026-04-01,P3051,44,108433.16
INV800952,2026-04-01,P3052,43,42643.53
INV800953,2026-04-01,P3053,38,71971.24
INV800954,2026-04-01,P3054,18,18558.54
INV800955,2026-04-01,P3055,71,148147.18
INV800956,2026-04-01,P3056,65,94716.7
INV800957,2026-04-01,P3057,39,9114.3
INV800958,2026-04-01,P3058,28,4735.08
INV800959,2026-04-01,P3059,82,33121.44
INV800960,2026-04-01,P3060,107,12100.63
INV800961,2026-05-01,P3001,34,38621.62
INV800962,2026-05-01,P3002,106,214236.6
INV800963,2026-05-01,P3003,66,161470.32
INV800964,2026-05-01,P3004,87,124021.11
INV800965,2026-05-01,P3005,34,29270.6
INV800966,2026-05-01,P3006,96,17762.88
INV800967,2026-05-01,P3007,69,159917.16
INV800968,2026-05-01,P3008,61,140559.86
INV800969,2026-05-01,P3009,45,31150.8
INV800970,2026-05-01,P3010,113,199206.57
INV800971,2026-05-01,P3011,103,27042.65
INV800972,2026-05-01,P3012,50,24112.0
INV800973,2026-05-01,P3013,108,65305.44
INV800974,2026-05-01,P3014,75,59451.0
INV800975,2026-05-01,P3015,55,136945.05
INV800976,2026-05-01,P3016,43,75962.08
INV800977,2026-05-01,P3017,119,120162.63
INV800978,2026-05-01,P3018,125,232972.5
INV800979,2026-05-01,P3019,23,52783.16
INV800980,2026-05-01,P3020,47,112802.82
INV800981,2026-05-01,P3021,96,21122.88
INV800982,2026-05-01,P3022,56,57945.44
INV800983,2026-05-01,P3023,87,29436.45
INV800984,2026-05-01,P3024,81,72276.3
INV800985,2026-05-01,P3025,110,53969.3
INV800986,2026-05-01,P3026,43,70750.91
INV800987,2026-05-01,P3027,17,17333.37
INV800988,2026-05-01,P3028,104,66054.56
INV800989,2026-05-01,P3029,9,6512.13
INV800990,2026-05-01,P3030,79,75211.16
INV800991,2026-05-01,P3031,91,64526.28
INV800992,2026-05-01,P3032,80,94147.2
INV800993,2026-05-01,P3033,46,7277.2
INV800994,2026-05-01,P3034,66,49963.98
INV800995,2026-05-01,P3035,91,97835.92
INV800996,2026-05-01,P3036,38,58471.74
INV800997,2026-05-01,P3037,69,50764.68
INV800998,2026-05-01,P3038,101,40633.31
INV800999,2026-05-01,P3039,38,10047.2
INV801000,2026-05-01,P3040,58,136653.22
INV801001,2026-05-01,P3041,130,141475.1
INV801002,2026-05-01,P3042,62,92157.42
INV801003,2026-05-01,P3043,65,149786.65
INV801004,2026-05-01,P3044,110,30827.5
INV801005,2026-05-01,P3045,107,235562.64
INV801006,2026-05-01,P3046,103,145728.52
INV801007,2026-05-01,P3047,140,67046.0
INV801008,2026-05-01,P3048,82,88169.68
INV801009,2026-05-01,P3049,51,100051.8
INV801010,2026-05-01,P3050,58,72065.0
INV801011,2026-05-01,P3051,64,157720.96
INV801012,2026-05-01,P3052,6,5950.26
INV801013,2026-05-01,P3053,58,109850.84
INV801014,2026-05-01,P3054,100,103103.0
INV801015,2026-05-01,P3055,55,114761.9
INV801016,2026-05-01,P3056,75,109288.5
INV801017,2026-05-01,P3057,81,18929.7
INV801018,2026-05-01,P3058,110,18602.1
INV801019,2026-05-01,P3059,75,30294.0
INV801020,2026-05-01,P3060,50,5654.5
INV801021,2026-06-01,P3001,61,69291.73
INV801022,2026-06-01,P3002,82,165730.2
INV801023,2026-06-01,P3003,98,239758.96
INV801024,2026-06-01,P3004,78,111191.34
INV801025,2026-06-01,P3005,18,15496.2
INV801026,2026-06-01,P3006,84,15542.52
INV801027,2026-06-01,P3007,18,41717.52
INV801028,2026-06-01,P3008,101,232730.26
INV801029,2026-06-01,P3009,65,44995.6
INV801030,2026-06-01,P3010,28,49360.92
INV801031,2026-06-01,P3011,67,17590.85
INV801032,2026-06-01,P3012,66,31827.84
INV801033,2026-06-01,P3013,61,36885.48
INV801034,2026-06-01,P3014,95,75304.6
INV801035,2026-06-01,P3015,68,169313.88
INV801036,2026-06-01,P3016,53,93627.68
INV801037,2026-06-01,P3017,120,121172.4
INV801038,2026-06-01,P3018,57,106235.46
INV801039,2026-06-01,P3019,43,98681.56
INV801040,2026-06-01,P3020,29,69601.74
INV801041,2026-06-01,P3021,96,21122.88
INV801042,2026-06-01,P3022,68,70362.32
INV801043,2026-06-01,P3023,90,30451.5
INV801044,2026-06-01,P3024,15,13384.5
INV801045,2026-06-01,P3025,89,43666.07
INV801046,2026-06-01,P3026,107,176054.59
INV801047,2026-06-01,P3027,71,72392.31
INV801048,2026-06-01,P3028,64,40648.96
INV801049,2026-06-01,P3029,20,14471.4
INV801050,2026-06-01,P3030,90,85683.6
INV801051,2026-06-01,P3031,79,56017.32
INV801052,2026-06-01,P3032,62,72964.08
INV801053,2026-06-01,P3033,86,13605.2
INV801054,2026-06-01,P3034,50,37851.5
INV801055,2026-06-01,P3035,5,5375.6
INV801056,2026-06-01,P3036,61,93862.53
INV801057,2026-06-01,P3037,83,61064.76
INV801058,2026-06-01,P3038,110,44254.1
INV801059,2026-06-01,P3039,38,10047.2
INV801060,2026-06-01,P3040,115,270950.35
INV801061,2026-06-01,P3041,56,60943.12
INV801062,2026-06-01,P3042,81,120399.21
INV801063,2026-06-01,P3043,109,251180.69
INV801064,2026-06-01,P3044,104,29146.0
INV801065,2026-06-01,P3045,50,110076.0
INV801066,2026-06-01,P3046,11,15563.24
INV801067,2026-06-01,P3047,65,31128.5
INV801068,2026-06-01,P3048,89,95696.36
INV801069,2026-06-01,P3049,51,100051.8
INV801070,2026-06-01,P3050,96,119280.0
INV801071,2026-06-01,P3051,77,189758.03
INV801072,2026-06-01,P3052,74,73386.54
INV801073,2026-06-01,P3053,102,193185.96
INV801074,2026-06-01,P3054,37,38148.11
INV801075,2026-06-01,P3055,42,87636.36
INV801076,2026-06-01,P3056,62,90345.16
INV801077,2026-06-01,P3057,46,10750.2
INV801078,2026-06-01,P3058,118,19954.98
INV801079,2026-06-01,P3059,48,19388.16
INV801080,2026-06-01,P3060,42,4749.78
INV801081,2026-07-01,P3001,57,64748.01
INV801082,2026-07-01,P3002,72,145519.2
INV801083,2026-07-01,P3003,84,205507.68
INV801084,2026-07-01,P3004,45,64148.85
INV801085,2026-07-01,P3005,9,7748.1
INV801086,2026-07-01,P3006,68,12582.04
INV801087,2026-07-01,P3007,94,217858.16
INV801088,2026-07-01,P3008,5,11521.3
INV801089,2026-07-01,P3009,53,36688.72
INV801090,2026-07-01,P3010,27,47598.03
INV801091,2026-07-01,P3011,108,28355.4
INV801092,2026-07-01,P3012,61,29416.64
INV801093,2026-07-01,P3013,52,31443.36
INV801094,2026-07-01,P3014,41,32499.88
INV801095,2026-07-01,P3015,62,154374.42
INV801096,2026-07-01,P3016,18,31798.08
INV801097,2026-07-01,P3017,75,75732.75
INV801098,2026-07-01,P3018,66,123009.48
INV801099,2026-07-01,P3019,60,137695.2
INV801100,2026-07-01,P3020,119,285607.14
INV801101,2026-07-01,P3021,121,26623.63
INV801102,2026-07-01,P3022,113,116925.62
INV801103,2026-07-01,P3023,107,36203.45
INV801104,2026-07-01,P3024,101,90122.3
INV801105,2026-07-01,P3025,50,24531.5
INV801106,2026-07-01,P3026,37,60878.69
INV801107,2026-07-01,P3027,44,44862.84
INV801108,2026-07-01,P3028,86,54622.04
INV801109,2026-07-01,P3029,79,57162.03
INV801110,2026-07-01,P3030,46,43793.84
INV801111,2026-07-01,P3031,42,29781.36
INV801112,2026-07-01,P3032,95,111799.8
INV801113,2026-07-01,P3033,141,22306.2
INV801114,2026-07-01,P3034,50,37851.5
INV801115,2026-07-01,P3035,47,50530.64
INV801116,2026-07-01,P3036,78,120020.94
INV801117,2026-07-01,P3037,116,85343.52
INV801118,2026-07-01,P3038,73,29368.63
INV801119,2026-07-01,P3039,141,37280.4
INV801120,2026-07-01,P3040,72,169638.48
INV801121,2026-07-01,P3041,62,67472.74
INV801122,2026-07-01,P3042,60,89184.6
INV801123,2026-07-01,P3043,85,195874.85
INV801124,2026-07-01,P3044,75,21018.75
INV801125,2026-07-01,P3045,42,92463.84
INV801126,2026-07-01,P3046,63,89134.92
INV801127,2026-07-01,P3047,55,26339.5
INV801128,2026-07-01,P3048,78,83868.72
INV801129,2026-07-01,P3049,24,47083.2
INV801130,2026-07-01,P3050,67,83247.5
INV801131,2026-07-01,P3051,54,133077.06
INV801132,2026-07-01,P3052,60,59502.6
INV801133,2026-07-01,P3053,26,49243.48
INV801134,2026-07-01,P3054,46,47427.38
INV801135,2026-07-01,P3055,84,175272.72
INV801136,2026-07-01,P3056,61,88887.98
INV801137,2026-07-01,P3057,110,25707.0
INV801138,2026-07-01,P3058,110,18602.1
INV801139,2026-07-01,P3059,85,34333.2
INV801140,2026-07-01,P3060,93,10517.37
INV801141,2026-08-01,P3001,113,128360.09
INV801142,2026-08-01,P3002,79,159666.9
INV801143,2026-08-01,P3003,77,188382.04
INV801144,2026-08-01,P3004,48,68425.44
INV801145,2026-08-01,P3005,77,66289.3
INV801146,2026-08-01,P3006,121,22388.63
INV801147,2026-08-01,P3007,72,166870.08
INV801148,2026-08-01,P3008,76,175123.76
INV801149,2026-08-01,P3009,96,66455.04
INV801150,2026-08-01,P3010,133,234464.37
INV801151,2026-08-01,P3011,34,8926.7
INV801152,2026-08-01,P3012,48,23147.52
INV801153,2026-08-01,P3013,54,32652.72
INV801154,2026-08-01,P3014,10,7926.8
INV801155,2026-08-01,P3015,25,62247.75
INV801156,2026-08-01,P3016,77,136025.12
INV801157,2026-08-01,P3017,94,94918.38
INV801158,2026-08-01,P3018,91,169603.98
INV801159,2026-08-01,P3019,74,169824.08
INV801160,2026-08-01,P3020,48,115202.88
INV801161,2026-08-01,P3021,57,12541.71
INV801162,2026-08-01,P3022,82,84848.68
INV801163,2026-08-01,P3023,49,16579.15
INV801164,2026-08-01,P3024,59,52645.7
INV801165,2026-08-01,P3025,61,29928.43
INV801166,2026-08-01,P3026,116,190862.92
INV801167,2026-08-01,P3027,71,72392.31
INV801168,2026-08-01,P3028,106,67324.84
INV801169,2026-08-01,P3029,106,76698.42
INV801170,2026-08-01,P3030,59,56170.36
INV801171,2026-08-01,P3031,34,24108.72
INV801172,2026-08-01,P3032,110,129452.4
INV801173,2026-08-01,P3033,49,7751.8
INV801174,2026-08-01,P3034,119,90086.57
INV801175,2026-08-01,P3035,93,99986.16
INV801176,2026-08-01,P3036,46,70781.58
INV801177,2026-08-01,P3037,128,94172.16
INV801178,2026-08-01,P3038,78,31380.18
INV801179,2026-08-01,P3039,110,29084.0
INV801180,2026-08-01,P3040,102,240321.18
INV801181,2026-08-01,P3041,56,60943.12
INV801182,2026-08-01,P3042,44,65402.04
INV801183,2026-08-01,P3043,63,145177.83
INV801184,2026-08-01,P3044,128,35872.0
INV801185,2026-08-01,P3045,27,59441.04
INV801186,2026-08-01,P3046,68,96209.12
INV801187,2026-08-01,P3047,5,2394.5
INV801188,2026-08-01,P3048,28,30106.72
INV801189,2026-08-01,P3049,60,117708.0
INV801190,2026-08-01,P3050,95,118037.5
INV801191,2026-08-01,P3051,86,211937.54
INV801192,2026-08-01,P3052,42,41651.82
INV801193,2026-08-01,P3053,122,231065.56
INV801194,2026-08-01,P3054,51,52582.53
INV801195,2026-08-01,P3055,110,229523.8
INV801196,2026-08-01,P3056,71,103459.78
INV801197,2026-08-01,P3057,74,17293.8
INV801198,2026-08-01,P3058,10,1691.1
INV801199,2026-08-01,P3059,79,31909.68
INV801200,2026-08-01,P3060,117,13231.53
