payment_id,loan_id,payment_date,principal_paid,interest_paid,total_payment
LP600001,L001,2025-02-01,134827.04,70000.0,204827.04
LP600002,L001,2025-03-01,136006.77,68820.26,204827.04
LP600003,L001,2025-04-01,137196.83,67630.2,204827.04
LP600004,L001,2025-05-01,138397.31,66429.73,204827.04
LP600005,L001,2025-06-01,139608.28,65218.76,204827.04
LP600006,L001,2025-07-01,140829.86,63997.18,204827.04
LP600007,L001,2025-08-01,142062.12,62764.92,204827.04
LP600008,L001,2025-09-01,143305.16,61521.88,204827.04
LP600009,L001,2025-10-01,144559.08,60267.96,204827.04
LP600010,L001,2025-11-01,145823.97,59003.07,204827.04
LP600011,L001,2025-12-01,147099.93,57727.11,204827.04
LP600012,L001,2026-01-01,148387.06,56439.98,204827.04
LP600013,L001,2026-02-01,149685.44,55141.6,204827.04
LP600014,L001,2026-03-01,150995.19,53831.85,204827.04
LP600015,L001,2026-04-01,152316.4,52510.64,204827.04
LP600016,L001,2026-05-01,153649.17,51177.87,204827.04
LP600017,L001,2026-06-01,154993.6,49833.44,204827.04
LP600018,L001,2026-07-01,156349.79,48477.25,204827.04
LP600019,L001,2026-08-01,157717.85,47109.19,204827.04
LP600020,L002,2025-07-01,116963.37,47916.67,164880.03
LP600021,L002,2025-08-01,118084.26,46795.77,164880.03
LP600022,L002,2025-09-01,119215.91,45664.13,164880.03
LP600023,L002,2025-10-01,120358.39,44521.64,164880.03
LP600024,L002,2025-11-01,121511.83,43368.21,164880.03
LP600025,L002,2025-12-01,122676.31,42203.72,164880.03
LP600026,L002,2026-01-01,123851.96,41028.07,164880.03
LP600027,L002,2026-02-01,125038.88,39841.16,164880.03
LP600028,L002,2026-03-01,126237.17,38642.87,164880.03
LP600029,L002,2026-04-01,127446.94,37433.09,164880.03
LP600030,L002,2026-05-01,128668.31,36211.73,164880.03
LP600031,L002,2026-06-01,129901.38,34978.66,164880.03
LP600032,L002,2026-07-01,131146.26,33733.77,164880.03
LP600033,L002,2026-08-01,132403.08,32476.95,164880.03
LP600034,L003,2026-01-01,72348.85,23750.0,96098.85
LP600035,L003,2026-02-01,72921.61,23177.24,96098.85
LP600036,L003,2026-03-01,73498.91,22599.94,96098.85
LP600037,L003,2026-04-01,74080.77,22018.08,96098.85
LP600038,L003,2026-05-01,74667.25,21431.6,96098.85
LP600039,L003,2026-06-01,75258.36,20840.49,96098.85
LP600040,L003,2026-07-01,75854.16,20244.69,96098.85
LP600041,L003,2026-08-01,76454.67,19644.18,96098.85
