expense_id,expense_date,expense_category,amount
EX400001,2025-01-01,Payroll,916245.95
EX400002,2025-01-01,Rent,185869.91
EX400003,2025-01-01,Utilities,63746.62
EX400004,2025-01-01,Marketing,165352.65
EX400005,2025-01-01,Software,88814.48
EX400006,2025-01-01,Travel,65460.04
EX400007,2025-01-01,Insurance,49942.85
EX400008,2025-01-01,Professional Services,103057.9
EX400009,2025-02-01,Payroll,979212.27
EX400010,2025-02-01,Rent,196297.68
EX400011,2025-02-01,Utilities,68878.57
EX400012,2025-02-01,Marketing,151135.36
EX400013,2025-02-01,Software,84277.94
EX400014,2025-02-01,Travel,66302.53
EX400015,2025-02-01,Insurance,43231.92
EX400016,2025-02-01,Professional Services,95657.83
EX400017,2025-03-01,Payroll,847107.96
EX400018,2025-03-01,Rent,183801.62
EX400019,2025-03-01,Utilities,68521.97
EX400020,2025-03-01,Marketing,168639.89
EX400021,2025-03-01,Software,86599.69
EX400022,2025-03-01,Travel,55527.42
EX400023,2025-03-01,Insurance,43788.93
EX400024,2025-03-01,Professional Services,101580.94
EX400025,2025-04-01,Payroll,938247.59
EX400026,2025-04-01,Rent,174011.14
EX400027,2025-04-01,Utilities,61577.56
EX400028,2025-04-01,Marketing,174925.64
EX400029,2025-04-01,Software,98721.84
EX400030,2025-04-01,Travel,58128.14
EX400031,2025-04-01,Insurance,46390.46
EX400032,2025-04-01,Professional Services,100423.75
EX400033,2025-05-01,Payroll,846490.6
EX400034,2025-05-01,Rent,201239.69
EX400035,2025-05-01,Utilities,59226.29
EX400036,2025-05-01,Marketing,152108.72
EX400037,2025-05-01,Software,88720.61
EX400038,2025-05-01,Travel,65958.34
EX400039,2025-05-01,Insurance,48790.75
EX400040,2025-05-01,Professional Services,103785.02
EX400041,2025-06-01,Payroll,959459.33
EX400042,2025-06-01,Rent,177693.85
EX400043,2025-06-01,Utilities,72849.12
EX400044,2025-06-01,Marketing,146754.7
EX400045,2025-06-01,Software,84035.87
EX400046,2025-06-01,Travel,67045.03
EX400047,2025-06-01,Insurance,50479.21
EX400048,2025-06-01,Professional Services,102052.47
EX400049,2025-07-01,Payroll,938001.32
EX400050,2025-07-01,Rent,200706.61
EX400051,2025-07-01,Utilities,71764.67
EX400052,2025-07-01,Marketing,176955.82
EX400053,2025-07-01,Software,89686.78
EX400054,2025-07-01,Travel,65937.68
EX400055,2025-07-01,Insurance,41803.97
EX400056,2025-07-01,Professional Services,102223.92
EX400057,2025-08-01,Payroll,872004.19
EX400058,2025-08-01,Rent,166277.4
EX400059,2025-08-01,Utilities,68504.32
EX400060,2025-08-01,Marketing,149248.46
EX400061,2025-08-01,Software,84838.29
EX400062,2025-08-01,Travel,56042.92
EX400063,2025-08-01,Insurance,51030.65
EX400064,2025-08-01,Professional Services,92453.36
EX400065,2025-09-01,Payroll,880680.01
EX400066,2025-09-01,Rent,191575.52
EX400067,2025-09-01,Utilities,71679.87
EX400068,2025-09-01,Marketing,168716.94
EX400069,2025-09-01,Software,102341.43
EX400070,2025-09-01,Travel,59626.9
EX400071,2025-09-01,Insurance,46076.31
EX400072,2025-09-01,Professional Services,110230.0
EX400073,2025-10-01,Payroll,966238.05
EX400074,2025-10-01,Rent,174312.79
EX400075,2025-10-01,Utilities,67107.65
EX400076,2025-10-01,Marketing,182366.73
EX400077,2025-10-01,Software,100294.84
EX400078,2025-10-01,Travel,57803.77
EX400079,2025-10-01,Insurance,43231.18
EX400080,2025-10-01,Professional Services,110659.73
EX400081,2025-11-01,Payroll,870615.64
EX400082,2025-11-01,Rent,184428.72
EX400083,2025-11-01,Utilities,62611.97
EX400084,2025-11-01,Marketing,148129.04
EX400085,2025-11-01,Software,100791.32
EX400086,2025-11-01,Travel,65889.93
EX400087,2025-11-01,Insurance,46287.8
EX400088,2025-11-01,Professional Services,95848.51
EX400089,2025-12-01,Payroll,996336.65
EX400090,2025-12-01,Rent,181077.3
EX400091,2025-12-01,Utilities,69834.93
EX400092,2025-12-01,Marketing,159414.2
EX400093,2025-12-01,Software,92022.17
EX400094,2025-12-01,Travel,62747.6
EX400095,2025-12-01,Insurance,49365.17
EX400096,2025-12-01,Professional Services,111283.91
EX400097,2026-01-01,Payroll,924756.92
EX400098,2026-01-01,Rent,176365.24
EX400099,2026-01-01,Utilities,62518.1
EX400100,2026-01-01,Marketing,160674.15
EX400101,2026-01-01,Software,99781.57
EX400102,2026-01-01,Travel,59345.06
EX400103,2026-01-01,Insurance,42199.56
EX400104,2026-01-01,Professional Services,105486.5
EX400105,2026-02-01,Payroll,843196.8
EX400106,2026-02-01,Rent,203446.93
EX400107,2026-02-01,Utilities,70412.64
EX400108,2026-02-01,Marketing,158014.79
EX400109,2026-02-01,Software,93222.37
EX400110,2026-02-01,Travel,65829.79
EX400111,2026-02-01,Insurance,51176.14
EX400112,2026-02-01,Professional Services,112788.22
EX400113,2026-03-01,Payroll,852599.09
EX400114,2026-03-01,Rent,170995.66
EX400115,2026-03-01,Utilities,69394.11
EX400116,2026-03-01,Marketing,167128.34
EX400117,2026-03-01,Software,89838.16
EX400118,2026-03-01,Travel,69226.48
EX400119,2026-03-01,Insurance,49564.13
EX400120,2026-03-01,Professional Services,108800.22
EX400121,2026-04-01,Payroll,877624.65
EX400122,2026-04-01,Rent,179740.3
EX400123,2026-04-01,Utilities,69669.96
EX400124,2026-04-01,Marketing,178455.18
EX400125,2026-04-01,Software,103163.81
EX400126,2026-04-01,Travel,65580.37
EX400127,2026-04-01,Insurance,46318.68
EX400128,2026-04-01,Professional Services,109148.85
EX400129,2026-05-01,Payroll,856644.59
EX400130,2026-05-01,Rent,193193.81
EX400131,2026-05-01,Utilities,74144.86
EX400132,2026-05-01,Marketing,173077.34
EX400133,2026-05-01,Software,84395.27
EX400134,2026-05-01,Travel,65694.36
EX400135,2026-05-01,Insurance,49599.47
EX400136,2026-05-01,Professional Services,105983.32
EX400137,2026-06-01,Payroll,1012877.85
EX400138,2026-06-01,Rent,177236.19
EX400139,2026-06-01,Utilities,67083.2
EX400140,2026-06-01,Marketing,179755.18
EX400141,2026-06-01,Software,96903.56
EX400142,2026-06-01,Travel,69978.46
EX400143,2026-06-01,Insurance,42936.11
EX400144,2026-06-01,Professional Services,99428.28
EX400145,2026-07-01,Payroll,887651.03
EX400146,2026-07-01,Rent,209695.06
EX400147,2026-07-01,Utilities,74122.33
EX400148,2026-07-01,Marketing,155376.82
EX400149,2026-07-01,Software,91965.56
EX400150,2026-07-01,Travel,57155.53
EX400151,2026-07-01,Insurance,48866.73
EX400152,2026-07-01,Professional Services,101664.17
EX400153,2026-08-01,Payroll,901895.12
EX400154,2026-08-01,Rent,191394.42
EX400155,2026-08-01,Utilities,73195.52
EX400156,2026-08-01,Marketing,165733.25
EX400157,2026-08-01,Software,100557.37
EX400158,2026-08-01,Travel,62733.67
EX400159,2026-08-01,Insurance,44648.4
EX400160,2026-08-01,Professional Services,104557.81
