payroll_id,pay_date,gross_payroll,tax_and_deductions,net_payroll
PR500001,2025-01-28,851940.78,107052.14,744888.64
PR500002,2025-02-28,857492.39,97790.62,759701.77
PR500003,2025-03-28,857181.35,85842.59,771338.76
PR500004,2025-04-28,861824.28,99841.21,761983.0700000001
PR500005,2025-05-28,911705.53,120514.39,791191.14
PR500006,2025-06-28,886464.65,122117.95,764346.7000000001
PR500007,2025-07-28,918016.37,101903.15,816113.22
PR500008,2025-08-28,907557.33,124213.58,783343.75
PR500009,2025-09-28,951876.91,128204.44,823672.47
PR500010,2025-10-28,962663.31,111927.86,850735.4500000001
PR500011,2025-11-28,963164.67,96496.69,866667.98
PR500012,2025-12-28,958875.1,128292.73,830582.37
PR500013,2026-01-28,966116.59,107693.89,858422.7
PR500014,2026-02-28,963171.04,125439.03,837732.01
PR500015,2026-03-28,960347.18,117988.81,842358.3700000001
PR500016,2026-04-28,967048.32,105279.24,861769.08
PR500017,2026-05-28,999502.52,125865.82,873636.7
PR500018,2026-06-28,1040097.47,135830.08,904267.39
PR500019,2026-07-28,1005027.25,119575.94,885451.31
PR500020,2026-08-28,1024496.86,133098.96,891397.9
